example_id,conversation_id,customer_message,brand_response,auto_intent,auto_should_escalate,thread_length,timestamp,human_intent,human_should_escalate,annotator_notes
0,592765,@Uber_Support had lots of issues with the app this weekend. 3 pings shower addresses no even close to pax. Accepting some pings and system failed to connect.,"@260305 Happy to help! Send us a note here, https://t.co/zZ6Y806fuk and our team will follow up.",app_functionality,False,2,2017-12-03 17:31:32+00:00,,,
1,592767,".
.@115873 I’ve been waiting for 30 mins, now waiting for the 4th Uber driver. Drivers 1&amp;3 drove away from my location, driver 2 forgot his wallet, can’t get into my destination, driver 4 finally showed up 34 minutes after I called the first one.",@260306 Here to help! Send us a note via https://t.co/e8HVorX5rh to assist you further.,ride_status,False,2,2017-12-03 17:35:34+00:00,,,
2,592754,Uhmm @115877 I think someone has messed up my McDonalds order.. https://t.co/oqGCUqa9qn,@260301 We're here to help! Send us a DM with your email address and more details so we can follow up.,other,False,4,2017-12-03 17:35:37+00:00,,,
3,592735,"@Uber_Support Please train your drivers in basic manners! When I politely point out that I’ve been stood outside my front door in the cold while my Uber waits outside the wrong house down the street, I don’t expect to be told ‘just be happy darling’.",@260294 Here to help! Please send us a DM with your email address and phone number so we can connect.,ride_status,False,4,2017-12-03 17:37:21+00:00,,,
4,592748,Anyone know the Uber customer service number- they charged me twice for a single trip. @Uber_Support @115873 @133311,"@260299 Happy to help! Send us a note here, https://t.co/zJ6aIZinzb and our team will follow up.",ride_status,False,2,2017-12-03 17:38:24+00:00,,,
5,592750,Why isn't @30973 on @115877 or @345 !?,"@260300 Hi, Ayania! Send us a note here; https://t.co/NcKEnQDmxQ and our team will follow-up.",other,False,2,2017-12-03 17:38:53+00:00,,,
6,592759,"@Uber_Support someone signed up with my email (without dots, Google doesn't recognize dots in mails, and you should update your system to reflect this), so I'm receiving his trip notifications. Do something.

(The help section in your page is laughable).",@260303 Here to help! Send us a note via https://t.co/kGIXas5Cxg to assist you further.,ride_status,False,2,2017-12-03 17:39:22+00:00,,,
7,592756,@Uber_Support pls help i’ve been charged £16.66 for an uber i never took,@260302 Here to help! Send us a note via https://t.co/1xM0TILvAI to assist you further.,trip_fare_dispute,False,2,2017-12-03 17:39:53+00:00,,,
8,592746,"@Uber_Support absolutely pathetic. Booked two Uber drivers this evening, called them and they said they'll come. None of them bothered to come.",@260298 Here to help! Please send us a note via   https://t.co/K05RdmK3t4  so our team can connect.,ride_status,False,2,2017-12-03 17:43:14+00:00,,,
9,592744,"@Uber_Support We didn’t recieve our complete order, what do we do now? Ghent, belgium",@260297 Here to help! Please confirm your email address or phone number through direct message so we can further assist.,other,False,5,2017-12-03 17:43:59+00:00,,,
10,602816,"@Uber_Support @115873 for same distance, I pay 206.07 in the morning, and when come back only 55.02. For this kind of blackmail, what to do??? https://t.co/SQTjALZAqf","@259171 Hey, Hope. Go ahead and follow this link; https://t.co/sGoOyWzVQL for further assistance. If you have any further questions or concerns please don't hesitate to reach out.",other,False,2,2017-12-03 17:48:43+00:00,,,
11,592739,@115873  waiting on a response from you - travelled 6.3 miles in Leicester and charged over £26!!!   Not happy Uber ! https://t.co/g7SL7BkPBu,@260296 Let's take a closer look! Send us a DM with your email address so we can follow up.,ride_status,False,2,2017-12-03 17:49:45+00:00,,,
12,592728,@115877 is a joke when your driver keeps over half of your order. Never ordering from them again,@260292 Here to help! Send us a note via https://t.co/hVMgTsth35 to assist you further.,ride_status,False,2,2017-12-03 17:51:49+00:00,,,
13,592737,"@Uber_Support for a trip of 3.91 kms . I was charged 140 INR. What's the hell, why I was charge fare for 24.69 kms? What's wrong with Uber India?","@260295 Hi, Anurag! Sorry to hear about your experience. Send us a note here; https://t.co/oEOANqFpjc and our team will follow-up.",ride_status,False,2,2017-12-03 17:53:12+00:00,,,
14,592726,"After already waiting 20 minutes, my uber driver has gone from being 14 minutes away to 15 minutes away @Uber_Support. Not only that but if I cancel I'll incur a fee even though he's dropping someone off before picking me up? What a joke. https://t.co/E2zUIvbbsy",@260291 Here to help! Follow up here - https://t.co/e8HVorX5rh and our team will connect right away.,ride_status,False,2,2017-12-03 17:53:13+00:00,,,
15,592731,@Uber_Support can you DM me please? My app is not working,@260293 Here to help! Send us a DM with your email address with more info so we can assist.,app_functionality,False,3,2017-12-03 17:53:26+00:00,,,
16,594066,@Uber_Support Help. https://t.co/dkXnRbMdge,@260709 We're here to help! Send us a DM with your email address so we can assist.,other,False,2,2017-12-03 17:54:27+00:00,,,
17,594039,@Uber_Support hey I read on your website that your delivery fee for Uber Eats is $4.99 but it's coming up as $19.96 for me. Any reason for this?,@260699 We're here to help! Send us a DM with your email address and more details so we can follow up.,other,True,6,2017-12-03 17:56:15+00:00,,,
18,592724,Hey @115873 my driver decided to take a five minute coffee break and fill up in the middle of my ten minute drive. This is a joke right?,@260290 Sorry to hear about your experience! Kindly send us a note here; https://t.co/fS660rQ8NQ and our team will look into this.,ride_status,False,2,2017-12-03 17:56:23+00:00,,,
19,594064,"@115873 @Uber_Support @11970 On Friday a driver threatened to pull a gun on us, insulted and shoved us, but he reported us first, and we're still waiting on an email from you? What's up with that?",@260708 We take this very seriously. Please send us a DM with your email address so we can connect ASAP.,ride_status,False,2,2017-12-03 17:58:16+00:00,,,
20,594062,"@Uber_Support can you maybe not charge me for no reason EVERY single time I take an Uber?? that would b really cool. also, I want my money back. thanks",@260707 Here to help! Send us a note via https://t.co/1xM0TILvAI so our team can connect.,trip_fare_dispute,False,3,2017-12-03 17:59:18+00:00,,,
21,594059,@115873 guys please can you give me my money.  You charged me twice,@260706 Here to help! Follow up here - https://t.co/DceIRNI6kV and our team will connect right away.,trip_fare_dispute,False,2,2017-12-03 18:00:45+00:00,,,
22,594057,@Uber_Support Trying to reset my password but not receiving password reset email. Anyway to reset password without that email. __email__,@260705 It seems a member of our team has reached out to you. Please check your email and follow up with them there.,account_access,False,3,2017-12-03 18:02:10+00:00,,,
23,594054,i lost my phone and cannot contact with the driver @115873,"@260704 Here to help! Follow up here; https://t.co/oY5vj3NqP3, and our team will connect right away.",ride_status,False,2,2017-12-03 18:03:52+00:00,,,
24,594051,Yo @115873 you charged my credit card 3 times for 1 ride. Can I get refunded for my other 2 charges. I heard I’m not the 1st person who had this issue. This is a major issue you guys need to fix!!,@260703 Here to help. Send us a note at https://t.co/zJ6aIZinzb so our team can connect.,ride_status,False,2,2017-12-03 18:05:58+00:00,,,
25,601794,With Uber you have the freedom to make money whenever you like. You decide. https://t.co/tGfDFi2WlK,"@262808 Hi, Jahan! Kindly send us a DM with your email address and our team will follow-up.",other,True,6,2017-12-03 18:06:48+00:00,,,
26,594019,@Uber_Support today’s fare was charged more than the amount listed I paid INR 414...instead 129...GPS took us through a complete different route &amp; driver followed it blindly https://t.co/hDhgm3A3Vc,@260694 We're currently reviewing your email and will be in touch shortly. We appreciate your patience!,ride_status,False,2,2017-12-03 18:08:52+00:00,,,
27,594047,@Uber_Support the fact that your app tells me I have mock locations and rooting in my phone when I don't; but then suggests that I need to get a note 8 to fix it is not even cool. #frustrated,@256651 Happy to help. Send us a DM with your email address so we can follow up.,app_functionality,False,2,2017-12-03 18:12:01+00:00,,,
28,594049,@Uber_Support  I have called a driver and emailed uber multiple times about lost items and still won’t get a response. What do I do?,"@260702 Hi there, we're here to help! Can you send us a DM with your email address so we can connect?",ride_status,False,2,2017-12-03 18:12:29+00:00,,,
29,594045,fuck you @115873,@260701 Here to help! Send us a note at https://t.co/e8HVorX5rh so our team can connect.,other,False,3,2017-12-03 18:13:07+00:00,,,
30,594042,@Uber_Support I have lost my phone. I can't login to my account (due to 2FA) and I need to contact the driver about whether the phone was left in the vehicle.,@260700 We're here to help! Send us a DM with your email address so we can connect.,ride_status,False,2,2017-12-03 18:16:13+00:00,,,
31,594026,"@115873 pls don’t bill us $5 when driver cancels. Yes we can dispute easily in settings but it’s a slap in the face to be stranded outside in the cold when we’re waiting, then billed for it. Your tech is sophisticated to know which party cancels so pls, bill only when we do.",@260696 Here to help! Send us a note via https://t.co/h840Iouehc so our team can connect.,ride_status,False,2,2017-12-03 18:16:22+00:00,,,
32,594029,"I would like to know from @115873 and @200998 , do the uber driver and me, as a commuter, both have two different maps on our respective devices because I was denied pick up by my uber driver. On his device it showed 40minutes and on my  device (Uber app) 20minutes.","@260697 Hi, Sharaf! Kindly confirm your email address via direct message (DM) so that our team can assist you further.",ride_status,True,6,2017-12-03 18:17:51+00:00,,,
33,594034,"@115873 @Uber_Support I just got charged £122,50 for what was supposed to be a £9-£12 Uber ride - please help!!!",@260698 We've been in touch via DM!,ride_status,False,3,2017-12-03 18:18:12+00:00,,,
34,594024,@Uber_Support is there a way to check the status of my application to deliver with Uber Eats? Or to speed up the process I think all that is waiting was my insurance which I uploaded.,@145142 Here to help. Send us a note at https://t.co/tv4psVy8sr so our team can connect .,ride_status,False,3,2017-12-03 18:19:45+00:00,,,
35,594015,@115877 how do i go about getting the time of a schudueled order changed w/o cancelling?,"@260692 Hi there, we're here to help! Send us a note via https://t.co/NcKEnQDmxQ so we can connect.",other,False,3,2017-12-03 18:20:06+00:00,,,
36,595140,"@Uber_Support why is my account not active.  Texas controls rideshare not the city’s.  I don’t have to have a dallas drivers permit,  yet I can’t drive because of you idiots that are clueless.",@261012 We've been in touch via DM!,ride_status,False,4,2017-12-03 18:22:21+00:00,,,
37,594021,@Uber_Support been trying to sign into my old account with a new phone and it is not working. HELP!,@260695 Here to help. Send us a note at https://t.co/Md7v036OoC so our team can connect .,account_access,False,2,2017-12-03 18:22:34+00:00,,,
38,594017,My uber driver just picked me up in a beaten up 2001 Chevy Cavalier in which “the back window will roll down but might not ever roll up”... absolutely magical! #windowlockon @115873,@260693 Here to help! Follow up here - https://t.co/aBEgvdNWQN and our team will connect right away.,ride_status,False,2,2017-12-03 18:23:10+00:00,,,
39,595172,"@Uber_Support I have not been able to ""cashout"" for 3 days. It says ""hmm, looks like we're having trouble reaching the Uber servers"". Any help?","@261022 Here to help! Send us a note here, https://t.co/OhfgxSAY58 and our team will follow up.",other,False,3,2017-12-03 18:25:37+00:00,,,
40,595176,@Uber_Support Hi. How to I order an SUV for several adults and TWO CAR SEATS? I don't see how to get multiple car seats using the app. Thanks!,@261024 Happy to help! Find out more at https://t.co/EofAUQ4oet,app_functionality,False,2,2017-12-03 18:26:22+00:00,,,
41,595174,@115873 why am I getting charged already when the Uber driver hasn’t picked me up yet? #wtf,"@261023 Hi, Veronica! Sorry for the trouble. Send us a note here; https://t.co/bGbBMJqMgN and our team will follow-up.",ride_status,False,2,2017-12-03 18:26:23+00:00,,,
42,595165,@Uber_Support SOS. Hi. Guys. I left my phone in the cab. When I am connecting with the driver he is not responding. Could you please help me with this ?,@261020 Let's take a closer look! Send us a DM with your email address so we can follow up.,ride_status,True,7,2017-12-03 18:29:26+00:00,,,
43,595167,"@Uber_Support Hi, I left my phone behind in a UberX car about an hour ago. I cannot contact the driver because the verification code is being sent to the phone. The trip concluded at 4:39PM. Please can you assist?",@261021 We're here to help! Can you send us a DM with your email address so we can assist?,ride_status,False,2,2017-12-03 18:31:35+00:00,,,
44,595158,"@115873 why the hell are you charging money to me even when driver has cancelled?
I talked to the driver on call he yook the info and later cancelled... https://t.co/okjs6Dta4u",@261019 We're sorry to hear this was your experience. Please send us a note here; https://t.co/593jusCquh so our team can assist.,ride_status,False,2,2017-12-03 18:31:47+00:00,,,
45,595147,"@118730 Hi, what's the story with this delivery fee that the app is trying to charge me for delivery??. It doesn't mention anything about minimum order value so can't be that!! #-ubereats https://t.co/TpsX8k7b2A",@261014 Here to help! Send us a note at https://t.co/NcKEnQDmxQ so our team can connect right away.,trip_fare_dispute,False,2,2017-12-03 18:31:52+00:00,,,
46,595130,"@Uber_Support Please refer image. This message continued for 1 hour and would not allow me to book a pool cab at the promotional rate. I ask, why promise something which you cannot honour? https://t.co/JVpksabAwk",@261009 Happy to help! Can you send us a DM with your email address so we can connect?,other,False,4,2017-12-03 18:32:02+00:00,,,
47,595156,"when @115873 tries to charge you $150 for a ""cleaning fee"" FOR A MESS U DIDNT EVEN MAKE???? Good grief.",@261018 Here to help! Send us a note via https://t.co/a6RfeBkKmr so our team can connect.,trip_fare_dispute,False,3,2017-12-03 18:32:57+00:00,,,
48,595153,@Uber_Support hi ! I've paid twice for one traject. What can I do ?,@261017 We can definitely can take a look. Send us note here; https://t.co/DceIRNI6kV so our team can assist you.,other,False,2,2017-12-03 18:34:28+00:00,,,
49,595149,A very concerning charge just appeared on my @134015 card. Why is an @115873 in California charging me?  I need a refund and answers. https://t.co/QBCpC9XfbE,@261015 Here to help! Send us a note via https://t.co/dInR3racif so our team can connect.,trip_fare_dispute,False,2,2017-12-03 18:35:28+00:00,,,
50,595151,"@115877 @McDonalds every time me and my family order from you, you forget the sauce. I think we can agree that chicken selects are Nothing without sweet chilli sauce and u have ruined my dinner once again and robbed me of 40p",@261016 Here to help! Send us a note at https://t.co/ZFaWy0Lkdu so our team can connect.,other,False,2,2017-12-03 18:37:57+00:00,,,
51,595143,@115877 You are such a bad company. How on earth do you make money when have to gib so many refunds,@261013 Here to help! Please confirm your email address or phone number so we can further assist.,complaint,True,5,2017-12-03 18:41:08+00:00,,,
52,595136,I paid for my friends @115873 last night to the Fremont Bart Station and the ride was $13 somehow I get charged $26 this morning???,"@261011 Hi there, we're here to help! Send us a note via https://t.co/ue84RGNpRP so our team can take a closer look.",ride_status,False,2,2017-12-03 18:42:23+00:00,,,
53,595124,@115873 your service in Egypt is horrible. I was humiliated today from one of your drives in egypt and ur team didn't do anything. Contact me,@261008 Thanks for following up! Please confirm your email address or phone number through direct message so we can further assist.,complaint,True,5,2017-12-03 18:42:55+00:00,,,
54,595133,@Uber_Support I'm upset about one of my Uber trips last night. My first Uber request in a Ford Explorer never showed up and still charged me,@261010 Here to help! Can you please send us a DM your email address? From there we'll be able to assist further.,ride_status,False,4,2017-12-03 18:43:14+00:00,,,
55,596336,"Absolutely terrible customer service from Uber Eats. Order didn't get delivered, money was still charged and a written complaint has gone unacknowledged even after two whole days. @Uber_Support @115877 @4377",@261325 We're here to help! Send us a DM with your email address so we can assist.,trip_fare_dispute,False,2,2017-12-03 18:47:06+00:00,,,
56,595119,"@115873 
Uber cape town , we are loosing long trips mysteriously","@261007 Hi, Oscar! Sorry for the trouble this has been causing you. Kindly send us a DM with your email address and our team will follow-up.",ride_status,False,2,2017-12-03 18:47:30+00:00,,,
57,595117,@Uber_Support I was supposed to receive a $5 from a trip and never got it. Is this how the company works?,"@261006 Hi there, we're here to help! Send us a note here; https://t.co/hr88X1ZGuG, and our team will connect right away.",ride_status,False,2,2017-12-03 18:50:41+00:00,,,
58,595115,@Uber_Support I was charged $75 for a $10 ride how do I dispute or find out why i was overcharged ? Why is there no way to speak directly with someone very frustrating,@257875 Here to help! Send us a note here; https://t.co/IJyXXAn11f and our team will look it up.,ride_status,False,2,2017-12-03 18:50:42+00:00,,,
59,596348,.@115873 allowing drivers to accept  trips before 1km of completion is stupid. waited 15mins before driver cancelled. He was polite to say now I'm cancelling.💩😤,@261330 Here to help! Send us a note via https://t.co/e8HVorX5rh so we can connect.,ride_status,False,2,2017-12-03 18:51:21+00:00,,,
60,595106,@115873 can I add a coupon code after my trip has ended? #uber #CustomerService,"@261003 Here to help! For more info, please click here: https://t.co/CSw3jYhCzc",ride_status,False,2,2017-12-03 18:51:39+00:00,,,
61,595111,"@Uber_Support so my apps keeps calling Ubers that I did not order, restated my phone, deleted the app. Still calling rides please help! #P.S I've been charged $5 for a ride I didn't call or take. This is the second time 🤔😩","@261004 Here to help! Send us a note here, https://t.co/kGIXas5Cxg and our team will follow up.",ride_status,False,2,2017-12-03 18:52:16+00:00,,,
62,595113,"@Uber_Support your driver just literally pulled into the parking lot I’m waiting at, drive out, called me after he left and didn’t say anything on phone!  How do I file Official complaint as I stand here waiting for another driver.","@261005 Hi, Tim! This is not the experience we want you to have. Kindly send us a DM with your email address and our team will look into this.",ride_status,False,2,2017-12-03 18:52:40+00:00,,,
63,595104,"@Uber_Support some odd reason, I can't order from restaurants I've previously ordered from @115877 from the same location. Is there something wrong with the app?","@261002 Hi there, we're here to help! Send us a note via https://t.co/NcKEnQDmxQ so we can help.",app_functionality,False,2,2017-12-03 18:53:01+00:00,,,
64,595102,"@Uber_Support Hi, can't send ""GO"" to 827222. I'm using non-UK number and I just can't send the text. (Uber UK)",@261001 Hi there! Please reach out to https://t.co/zUe0dj6yoX and fill out the 4 boxes at the bottom so we can get in touch.,other,False,3,2017-12-03 18:53:25+00:00,,,
65,595095,@Uber_Support Why I'm i being charged for a trip i had to cancel as the driver decided he is too far away to come pick me up?,@260999 Here to help! Please send us a note via  https://t.co/h840Iouehc  so our team can connect.,ride_status,False,2,2017-12-03 18:54:22+00:00,,,
66,596338,@115877 why do you lie about your delivery times?? Been waiting double the length of time promised &amp; im HUNGRY,"@261326 Here to help! Follow up here; https://t.co/jP6giifgNM, and our team will connect right away.",ride_status,False,2,2017-12-03 18:54:31+00:00,,,
67,596301,@Uber_Support. App won’t let me pick a size. Radio buttons not working. #CouchSurfin #WhatsYourEmail https://t.co/PrMDUojt60,@261314 Here to help! Please send us a DM with your email address and phone number so we can connect.,account_access,False,5,2017-12-03 18:55:05+00:00,,,
68,596329,@115873 @Uber_Support it blows my mind that I have no way of being able to report a driver other than this. Last night me and 3 friends requested an UBER and were told to sit on each other’s laps due to the driver having a passenger then the driver proceeds to drive with “no hands”,@261322 That doesn't sound right! Send us a DM with your email address so we can connect right away.,ride_status,True,7,2017-12-03 18:56:12+00:00,,,
69,596346,"@Uber_Support Hi, my 9 yr old daughter unexpectedly vomited in an uber car earlier and I’ve now been charged £95 for a £12 trip. I don’t think this is fair at all? I was told I would possibly be charged about £10. It’s extortionate for an accident!",@261329 Here to help. Send us a note at https://t.co/a6RfeBkKmr so our team can connect.,ride_status,False,3,2017-12-03 18:56:14+00:00,,,
70,596343,@Uber_Support why is my account disabled,"@261328 Hi, Alfonso. We see your outreach and a member of our team will be following up via email as soon as possible. We appreciate your patience.",account_access,False,2,2017-12-03 18:57:22+00:00,,,
71,596341,@Uber_Support I don't appreciate your driver's slimy comments.,@261327 Here to help! Follow up here - https://t.co/oyYyAsTGGq and our team will connect right away.,ride_status,False,3,2017-12-03 18:59:07+00:00,,,
72,596334,@Uber_Support I have submitted two requests for help since yesterday. Both responses tell me that I should be able to receive uberx requests now. I still cannot. How do I fix this? https://t.co/iY7bylU9hF,@261324 So sorry about that! Send us a DM with your email address so we can connect right away.,other,False,2,2017-12-03 19:00:41+00:00,,,
73,596332,"@Uber_Support Hi, I ordered a chinese on ubereats and an items missing. Not impressed",@261323 We're sorry to hear this. Please send us a note via https://t.co/rpgpQWLRtD so our team can take a look into this for you.,other,False,2,2017-12-03 19:02:35+00:00,,,
74,597266,@Uber_Support this is a case of harrasment and threat to ladies. I want assistance immediately,"@261609 Hi, Llewellyn. We want to get you in touch with our specialized team ASAP. Please reach out directly from here: https://t.co/sKZsBXPxp7 with more details so we can assist.",other,False,2,2017-12-03 19:03:55+00:00,,,
75,596322,@Uber_Support YO My phone is in one of your cars. Maybe you might want to actually provide some support and respond to an F##$#$ing email. Only been trying to contact your organization for an hour.. oh yea.. cant take a phone call cause my phone is in your drivers car...,@261321 Here to help! Please send us a note via   https://t.co/rOtqyWzf0B   so our team can connect.,ride_status,False,2,2017-12-03 19:05:33+00:00,,,
76,596320,@115877 what do we do when the driver delivered the wrong order ?,@261320 Here to help! Send us a note at https://t.co/rpgpQWLRtD so our team can connect right away.,ride_status,False,2,2017-12-03 19:07:10+00:00,,,
77,596313,"If it costs us $5 to cancel an @115873, why don't we get $5 off our ride each driver that cancels on us when we are standing around waiting for them and they randomly bail on us?",@261616 Here to help! Send us a note here; https://t.co/fS660rQ8NQ and our team will look into this.,ride_status,True,8,2017-12-03 19:08:22+00:00,,,
78,596307,"@115873 HOw do you sign into Uber and order a ride if you lost your phone? 
What is the point of sending a verification code to a missing/dead phone?",@261316 We're here to help! Send us a DM with your email address so we can assist.,ride_status,False,3,2017-12-03 19:10:54+00:00,,,
79,596310,Right on...great idea. It would be great customer service too. https://t.co/zvz9NI31Us,"@261317 Here to help, Mike! Send us a note at; https://t.co/h840Iouehc so that our team can assist.",other,False,3,2017-12-03 19:11:06+00:00,,,
80,599444,@116276 @115873 blocked my id as they say that their terms and conditions were violated. Please let's say reset it to a new beginning and I'll  make sure that none of your condition would be violated!,"@255306 Hello, Nikhil. It appears that our team has already followed up with you via email regarding this matter. Our responses can be found both in-app via the Help tab and within the email address associated with your account. Let us know if you have any other questions or concerns.",account_access,False,2,2017-12-03 19:12:06+00:00,,,
81,596292,@Uber_Support how long till I can expect a reply after I had missing items and cold food for my delivery today? 😡,@261312 Here to help! Send us a DM with your email address so we can follow up.,ride_status,False,3,2017-12-03 19:13:53+00:00,,,
82,596304,@115873 can’t yall deactivate my account so I can create a new account. My email address and phone number is in use on two different accounts and yall don’t respond to any emails.,@261315 Here to help! Kindly send us your email address via direct message (DM) so that our team can assist you further.,account_access,False,3,2017-12-03 19:14:50+00:00,,,
83,596295,@Uber_Support can anyone help me with £50 payment for a fare last night that I didn’t use instead of a £5 cancellation fee which it should have been. Can’t find a contact number anywhere online. Thanks guys,@261313 We're here to help! Send us a DM with your email address so we can follow up.,trip_fare_dispute,False,4,2017-12-03 19:15:06+00:00,,,
84,597346,@116288 @Uber_Support @3533... before the ride the amount showed was for 820 rupees and now it got double!!! Please help😥 https://t.co/TzGuQXsbjN,@261632 Here to help! Please send us a note via  https://t.co/pT35thgjaj    so our team can connect.,ride_status,False,2,2017-12-03 19:21:47+00:00,,,
85,597344,"@115873 Pretty sure I left my phone in an uber last night, and I cannot log into my account because it asks for a verification code sent to my phone that is missing... Could you please help me out","@261631 Hi there, we're here to help! Can you send us a DM with your email address so we can assist?",account_access,False,4,2017-12-03 19:24:43+00:00,,,
86,597326,@Uber_Support my Uber account is not working!,"@261629 We can definitely take a closer look! Contact us here; https://t.co/Md7v036OoC, so we can help.",account_access,False,2,2017-12-03 19:28:27+00:00,,,
87,597319,@115877 your service is garbage. After one poor experience I decided to try I again and was met with the same terrible service. Driver was provided the wrong address (again) and food arrived cold and inedible. Very disappointed.,@261626 We're here to help! Send us a DM with your email address so we can assist.,ride_status,False,2,2017-12-03 19:28:38+00:00,,,
88,597340,Pathetic experience @115873 .no support at all. Being overcharged so many times. Is someone listening @119983 @Uber_Support,@261630 Here to help! Please send us a DM with your email address so our team can connect.,trip_fare_dispute,False,2,2017-12-03 19:29:00+00:00,,,
89,597322,@Uber_Support Uber eats won’t let me long in. Not getting the verification code to my phone...,"@261627 Hi there, we're here to help! Can you send us a DM with your email address so we can connect?",account_access,False,3,2017-12-03 19:29:39+00:00,,,
90,597312,@115873 Would you help @27183 distribute food for homeless this Xmas?,@261623 We're here to help! Send us a DM with your email address so we can assist.,other,False,2,2017-12-03 19:30:41+00:00,,,
91,597324,Having to freeze my ass off by opening the window fully cause my @115873 driver’s decided to eat the smelliest food whilst he drives 🤢🤮,@261628 We're sorry to hear this was your experience. Please send us a note here; https://t.co/z8NNR56eyf so we can connect.,ride_status,False,2,2017-12-03 19:32:46+00:00,,,
92,597304,Nearly run over by @115873 car turning right on red light without stopping.,@231314 We absolutely want to follow up right away. Please send us a DM with your email address so we can connect.,other,False,2,2017-12-03 19:33:10+00:00,,,
93,597315,@Uber_Support please help! I sent you a DM.,"@261624 We definitely want to take a closer look. However, due to our policy terms and conditions, we will need to discuss this with the account holder. Please message us with the email address associated with the account and we'll follow up with him directly via in-app support.",other,False,3,2017-12-03 19:33:12+00:00,,,
94,597302,@115877 nice food but wondered why 2 of my items were not in there and 2 different were,@261620 Here to help! Please send us a note here; https://t.co/ZFaWy0Lkdu so our team can connect.,other,False,2,2017-12-03 19:35:03+00:00,,,
95,597309,"@Uber_Support currently on a trip where the driver is incapable of following satnav, has taken a wrong turning, delaying the journey by 30 mins. Please advise on refund",@261622 We're here to help! Send us a DM with your email address so we can assist.,ride_status,False,4,2017-12-03 19:35:52+00:00,,,
96,597306,"Really don’t need this on a Sunday, nice one @115877 https://t.co/eWc669Jl9H","@261621 Hi, Joey! For more info on when and where will UberEats be available in your place, kindly visit this link; https://t.co/bl5B9dVLvX",other,False,2,2017-12-03 19:36:44+00:00,,,
97,597317,@Uber_Support My account has been disabled and I haven´t even used it for the first time!!! I am suposed to have a Free Uber ride from a friend. Who do I contact?? I can not even sign in!! Please heeeeeelp,@261625 Here to help! Please send us a note via  https://t.co/Md7v036OoC  so our team can connect.,ride_status,False,2,2017-12-03 19:36:55+00:00,,,
98,597298,"@Uber_Support I ordered a mcdonalds yesterday through Uber eats (1st ever order) not only was it late and cold, it gave my GF severe food poisoning! She was being sick all night and today! I WANT A FULL REFUND! @2350 is the way forward!",@261618 We take this very seriously. Please send us a DM with your email address so we can connect ASAP.,refund_request,False,2,2017-12-03 19:37:10+00:00,,,
99,597300,@115877 hey y’all should have a option in the app to upload a photo of your food. I’ve gotten some janxy things delivered lately,@261619 Here to help! Send us a note via https://t.co/qLzKaGQcAg so our team can get in touch.,app_functionality,False,2,2017-12-03 19:37:23+00:00,,,
100,597296,Riddle me this @115873 I canceled my Uber so I️ get the $5 cancel fee right? This morning I️ wake up with a $150 charge for a cleaning fee. How does one make a mess in a car that they were never in.......?!? How is this even a dispute when I️t clearly reads I️ canceled my ride. https://t.co/rWdpXVWREd,@261617 We're so sorry for the trouble. Send us a note via https://t.co/a6RfeBkKmr so we can assist.,ride_status,False,2,2017-12-03 19:37:53+00:00,,,
101,597273,@Uber_Support hi ive tried to order food a couple times in the last hour and its cancelled every time can you help me find out if this is an issue with my account or its the restaurant or lack of drivers or something,"@261612 Hey, Laura. Go ahead and DM us your account email along with a few details of your issue, and we'll take a look. Thanks!",ride_status,False,4,2017-12-03 19:38:26+00:00,,,
102,597289,@Uber_Support Please send details for a customer support email as I have a complaint which I would like addressing.,"@261615 Hi there! We're here to help. Let us know if you have any specific questions, or visit our help site at  https://t.co/9zsMJKZ2dB for more info.",ride_status,False,2,2017-12-03 19:39:12+00:00,,,
103,597279,Followed the instructions sent by @Uber_Support yesterday to submit an online form - no response 24 hours later. Is there an Uber customer service telephone number anywhere in existence?? https://t.co/Dfm8o1pABx,"@246517 Hi Gary! Sorry for the trouble. At this moment, we don't offer phone support for these issues. Kindly send us your email address via direct message (DM) so our team can follow-up.",account_access,False,3,2017-12-03 19:43:05+00:00,,,
104,597282,@Uber_Support Hi I've had problems with my promo code. I sent a DM please help,@261614 -We've been in touch via DM!,other,True,8,2017-12-03 19:45:13+00:00,,,
105,597276,"@Uber_Support hello, how do you go about using Uber when you are abroad?",@261613 Hi there! Please reach out to https://t.co/zUe0dj6yoX and fill out the 4 boxes at the bottom so we can get in touch.,other,False,3,2017-12-03 19:49:30+00:00,,,
106,597269,@131434 @131077 @115873 at @261611 #Uber queueing system makes you Wonder. #Misleading #Confused https://t.co/7pjiKBI6sV,@261610 We'll get this sorted out! We have received your in-app inquiry and will reach out to you there shortly.,other,False,3,2017-12-03 19:52:37+00:00,,,
107,597263,@115873 fucking £25 for a 10 minute taxi journey are you fucking kidding ... won't be using ever again! https://t.co/jDibkQMwQw,@261608 Hi there! Please send us a DM with your email address so our team can connect.,other,False,4,2017-12-03 19:55:48+00:00,,,
108,598521,@115877 OMG time as been added to my order 3 times! Is this a joke?!,@261922 Here to help! Send us a note via https://t.co/lzIGTuu2al so our team can get in touch.,complaint,True,2,2017-12-03 20:00:31+00:00,,,
109,598497,".@McDonalds @115877 add buffalo sauce as an option on UberEATS guys, I’m sick and FUCKING tired of having to describe buffalo sauce word from word to my driver, while using sriracha sauce as a place holder. Give buffalo sauce a spot right now or I swear to frickin christ I’ll c",@261914 We can take a look! Send us a DM with your email address so we can follow up.,ride_status,False,5,2017-12-03 20:01:48+00:00,,,
110,598504,"@Uber_Support @115873  @5484 FORGOT MOBILE IN CAB WHILE TRAVELLING FROM JAIPUR JN. TO PANCHASHIL ENCLAVE. 

We called from RMN but not helped.

Driver name is Rakesh.

Please help.

My registered mobile number is not connecting to Uber",@261916 We're here to help! Send us a DM with your email address and more details so we can follow up.,ride_status,False,5,2017-12-03 20:06:14+00:00,,,
111,598519,No choice but to switch to @115879 because @115873 is unable to stop people from hacking my account.,@261921 Here to help! Please send us a DM with your email address so our team so our team can connect.,account_access,False,2,2017-12-03 20:06:53+00:00,,,
112,598509,Buyers beware. @115873 will change your charge without notifying you. The price I requested was $30 and they charged $56 behind my back. What's the point of having a price then? How is this legal? #uber #malpractice,@261918 We're sorry to hear this was your experience. Can you send us a DM with your email address so we can assist?,trip_fare_dispute,False,5,2017-12-03 20:07:06+00:00,,,
113,598506,@115873 we need help finding my dads phone!!!! It was left in an uber in Indianapolis yesterday. Help us track down Samuel in the gold Toyota Sienna please?!,"@261917 Here to help! Send us a note here, https://t.co/rOtqyWzf0B and our team will follow up.",other,False,2,2017-12-03 20:07:22+00:00,,,
114,598513,"Dear @115877, please spot the issue in this picture. Must be out your gottdamn minds. https://t.co/I4CEKLHlrQ",@261919 Here to help! Please send us a note here; https://t.co/3eYc7uUEUm so our team can connect.,other,False,3,2017-12-03 20:08:37+00:00,,,
115,603575,@Uber_Support can you please help me to log into my account? Thanks.,@251223 We're here to help. We just sent you a DM.,account_access,False,2,2017-12-03 20:10:16+00:00,,,
116,598480,@1582 @4735 Silver Nissan Ultima PA KFP-1244 2:30pm 12/3/17 on Columbus Blvd.  Reckless driving threatening other drivers.  Is this the type of drivers I can expect from Uber? https://t.co/MWSCMGA3Dv,@261909 We take this very seriously. Please send us a DM with your email address so we can connect ASAP.,ride_status,False,2,2017-12-03 20:17:33+00:00,,,
117,598499,@Uber_Support I just witness something amazing. One of your drivers harassed three teenage kids in the barbershop I work in. In front of our clients.,@261915 We take this very seriously. Please send us a DM with your email address so we can connect ASAP.,ride_status,False,2,2017-12-03 20:17:45+00:00,,,
118,598482,@Uber_Support i ordered uber eats and i️t said 2 something as the price but you guys took $10 from my card,@261910 Here to help! Contact us via https://t.co/8LIAoZUog4 so we can connect.,trip_fare_dispute,False,2,2017-12-03 20:18:37+00:00,,,
119,598488,Hey @115873. What’s up today? Drivers not picking up requests then canceling saying “traffic too long [sic]” when google shows traffic is fine?,@261912 Hi there! Please DM us your email address so we can further assist.,ride_status,False,4,2017-12-03 20:18:41+00:00,,,
120,598492,"@Uber_Support I can't sign in on the website, because the confirmation code is sent to a number I used in the US. I can't order a ride on my phone. But now is the time I really need to use Uber.",@261913 Here to help! Send us a note here; https://t.co/Md7v036OoC and our team will be able to assist!,ride_status,False,3,2017-12-03 20:19:01+00:00,,,
121,598478,@Uber_Support I recently moved back home to Kansas but my profile is still registered in Illinois... Can I have that released so I can drive in Kansas?,@261908 Here to help! Send us a note here; https://t.co/Zd8JAvLOUI and our team will be able to assist.,other,False,2,2017-12-03 20:19:02+00:00,,,
122,599454,"@Uber_Support Hey my @McDonalds meal came incorrect AGAIN, whats the phone number to contact asap","@262203 Here to help! Send us a note at https://t.co/1HQv7maoLK so our team can connect right away. If you'd like, you can also DM us with your email address and additional information regarding your concern so we can assist!",account_access,False,3,2017-12-03 20:20:40+00:00,,,
123,598476,"@81661 @115873 @Uber_Support Uber profile shows 66% complete &amp; says add payment method. I have 5 payment methods set up. As a result, I cannot set up Uber on my Wink Relay. Help? Uber support team thinks I’m a driver. I’m not.",@261907 Here to help! Please send us a DM with your email address so our team can connect.,ride_status,False,5,2017-12-03 20:20:46+00:00,,,
124,599437,"Hi @115873 your app was unable to verify my CC by taking a photo even though the entire border was green, and a photo is the only option. I had to take a yellow cab as a result. Why did your app not recognize my card and why is there no other way to verify my CC?",@262198 Here to help! Send us a note via https://t.co/QnlFEMKRcC so we can connect.,account_access,False,2,2017-12-03 20:22:00+00:00,,,
125,599456,"@Uber_Support hello do hoy have a support 01800 in México, thanks","@262204 At this time we don't offer phone support, as communication is streamlined via email. Visit this link https://t.co/balq3Eyso6 so our team can assist.",other,False,2,2017-12-03 20:22:21+00:00,,,
126,599430,"hey @Uber_Support i got a problem with my account, i can't change the phone number associate to it 😕",@170811 So sorry about that! Send us a DM with your email address so we can connect right away.,account_access,False,4,2017-12-03 20:23:00+00:00,,,
127,599448,@131077 @115873 @Uber_Support can you please tell me if the is any incentive on working on xmas or should we sacrifice our xmas for your passengers ? @262202 uber will never answers question. That's to a driver always ignoring tweets!,@262201 We can take a look! Send us a note via https://t.co/WToW6dugx0 so our team can get in touch.,ride_status,False,4,2017-12-03 20:24:10+00:00,,,
128,599420,I am upset with @115873 I've been charged $36 for a trip that I normally pay $11-$15. Something isn't right I feel cheated taken advantage of.,@262192 We can definitely take a look! Send us a DM with your email address so we can follow up.,ride_status,False,4,2017-12-03 20:24:55+00:00,,,
129,599440,@115873 @Uber_Support this has happened every week for the last 4 weeks now. I will request an uber in the morning. The app tells me it is arriving and to go outside. Suddenly the driver has changed and their eta is different...,@262199 Here to help! Follow up here - https://t.co/e8HVorX5rh and our team will connect right away.,ride_status,False,3,2017-12-03 20:30:23+00:00,,,
130,599442,"Hey @115873, how much would it cost for a ride from Oakland to East Rutherford, NJ?  Asking for a friend.  #Giants","@262200 Here to help! Once you choose the vehicle type, you'll see the amount for your trip! You can also get a fare estimate here; https://t.co/0ZVEBk31j9",ride_status,False,2,2017-12-03 20:30:29+00:00,,,
131,2897688,@Uber_Support Do something!!!!,@258100 We've been in touch via DM!,other,False,2,2017-12-03 20:31:18+00:00,,,
132,599432,I don't know what customer service they have that don't even bother look at the receipt but i want my fucking money back. Thanks @Uber_Support https://t.co/Opln5f18Uy,@262196 We're here to help! Send us a DM with your email address so we can assist.,trip_fare_dispute,False,2,2017-12-03 20:31:42+00:00,,,
133,599435,"@Uber_Support My local Cami Cakes is open every day, but UberEats shows it as closed every weekend. Sometimes, I want cupcakes on the weekends (especially on the weekends)! What's going on?",@262197 Here to help! Send us a note via https://t.co/NcKEnQDmxQ so our team can connect.,other,False,3,2017-12-03 20:31:43+00:00,,,
134,599426,"Is it normal to have 3 drivers cancel on you at Gatwick @115873 and @Uber_Support? 

This follows from having been stuck in the cold rain for 30 minutes yesterday due to another driver picking up the wrong fare. Awful last few days of usage.",@262195 Here to help! Please send us a note here; https://t.co/e8HVorX5rh so our team can connect.,ride_status,False,2,2017-12-03 20:38:06+00:00,,,
135,599424,"@115873 can I have some free friends for the insane amount of times your drivers call me ""Peggie"" instead of ""Paige""",@262194 Here to help! Please send us a note here; https://t.co/QDn91HzZV0 so our team can connect.,ride_status,False,2,2017-12-03 20:38:39+00:00,,,
136,599422,"Dear @115873 I would like a refund on my ride where my driver did not return change in full. DM for further support, please #uber #uberindia #ubermumbai #uberrefund",@262193 We can take a look! Send us a note via https://t.co/4DTBhCaWGV so our team can get in touch.,ride_status,False,2,2017-12-03 20:41:31+00:00,,,
137,599414,Absolutely fuming just ordered a McDonalds of @115877 and the juice has spilt all over my food and it's soaking and I can't even find a number to phone!!!!!,@262191 Here to help! Send us a DM with your email address and phone number so we can follow up.,other,False,5,2017-12-03 20:52:11+00:00,,,
138,600886,"I'm actually hella nice to all the drivers idk wtf is up but fuck it im@gonna get anew number and shit and start a new account, it's about time I got a new number anyways. https://t.co/E9cPd2U5tZ","@262530 Go ahead and DM us your account email along with a few details of your issue, and we'll take a look. Thanks!",ride_status,False,2,2017-12-03 20:52:12+00:00,,,
139,599402,"@Uber_Support please answer your DMs, I have lost my phone I believe in one of your drivers cars, and I have not got his number as I can’t sign is because I have no phone and I need a verification code...which is stupid, PLEASE HELP !!!!!",@262188 Please confirm your email address or phone number so we can further assist.,ride_status,False,2,2017-12-03 20:52:24+00:00,,,
140,599410,@115873 can I used a Netspend card with y'all,"@262190 Happy to help! Send us a note here, https://t.co/zpq2qqd9a2, and our team will follow up.",other,False,2,2017-12-03 20:52:52+00:00,,,
141,600888,@McDonalds yalls management with @115877 is so damn so slow!!!,@262531 Sorry for the trouble! Send us a note via https://t.co/lzIGTuu2al so our team can get in touch.,other,False,2,2017-12-03 20:55:17+00:00,,,
142,600872,"@Uber_Support @115873 @119983 @116288 your driver accepted booking (8 min waiting), 20 min later he reaches but in a different colony 5 km away (same house no.), then he starts for correct place but never reaches &amp; keeps cutting call. &amp; I paid ₹42 cancellation. EXPLAIN!",@262523 We see your outreach and a member of our team will be following up via email as soon as possible. We appreciate your patience.,ride_status,False,3,2017-12-03 20:56:40+00:00,,,
143,600879,@Uber_Support help! I accidently gave my driver a bad rating! I feel terrible about it.,@262526 We're here to help! Send us a DM with your email address so we can assist.,ride_status,False,4,2017-12-03 21:01:01+00:00,,,
144,600876,Does anyone have an #Uber @115873 code for a ride?,"@262525 Hi, Marclaw! For more info on how to earn free rides, kinldy visit this link; https://t.co/FQNTfKa7k0",ride_status,False,2,2017-12-03 21:01:31+00:00,,,
145,600869,@Uber_Support I was shorted on a surge. I am owed money. There is no question the ping displayed 2.1x. Uber in app and phone support NO HELP. Where are cooperate email addresses listed? URGENT. I WILL NOT GIVE UP.,@262522 We're here to help! Send us a DM with your email address so we can follow up.,trip_fare_dispute,False,2,2017-12-03 21:02:11+00:00,,,
146,600874,"Ok, @115873 , it is kinda BS that our driver cancels the ride and now we have to rebook and it costs more.",@262524 Here to help. Send us a note at https://t.co/593jusCquh so our team can connect.,ride_status,False,2,2017-12-03 21:04:19+00:00,,,
147,600849,@115877 just had a delivery it’s wrong so called the driver ....called me a fucking dumb bitch and told me to get the fuck off his line,@262515 We're here to help! Send us a DM with your email address so we can assist.,ride_status,False,4,2017-12-03 21:05:53+00:00,,,
148,600867,@115873 @Uber_Support the uber pickup area at MetLife stadium is a joke. I am a season ticket holder and every week it’s madness to get home. There are 40+ cars waiting and 100+ customers waiting.  No one going anywhere. Maybe Lyft is better.,@262521 Here to help! Please reach out to https://t.co/QDn91HzZV0 and fill out the 4 boxes at the bottom so we can get in touch.,ride_status,False,2,2017-12-03 21:07:50+00:00,,,
149,600865,"I was charged for an @115873 ride when my driver never showed up at my house, didn't pick me up and was nowhere near my house when I got the message that I was on my way. They didn't even try to contact me...",@262520 Sorry for the trouble! Kindly send us your email address via DM so that our team can look into this.,ride_status,False,2,2017-12-03 21:08:08+00:00,,,
150,600862,@115873 @Uber_Support I hope you and every single one of your drivers burn in the fiery pits of hell for eternity you are the worst service I have ever used. Been stranded at Walmart for a fucking hour and can't even request anymore rides cause ur drivers cancel on me,@262519 We're here to help! Send us a DM with your email address so we can assist.,ride_status,False,4,2017-12-03 21:08:55+00:00,,,
151,600859,@115873 what happens when a driver don’t turn up and cancelled my fare and you lot charge me for it??,@262518 Here to help! Send us a note via https://t.co/e8HVorX5rh so our team can connect.,ride_status,False,2,2017-12-03 21:10:19+00:00,,,
152,600845,"@Uber_Support ...need ya help getting my daughter’s wallet back from Uber driver in Tallahassee, Fl.  Shouldn’t be this hard when he admits he has it. WTH!","@262514 We definitely want to take a closer look. However, due to our policy terms and conditions, we will need to discuss this with the account holder. Please message us with the email address associated with the account and we'll follow up with him directly via in-app support.",ride_status,True,7,2017-12-03 21:16:29+00:00,,,
153,600852,@Uber_Support can I get a written receipt so I can claim it back for business use?,@262516 Happy to help! Please reach out to https://t.co/zUe0dj6yoX and fill out the 4 boxes at the bottom so we can get in touch.,trip_fare_dispute,False,2,2017-12-03 21:17:19+00:00,,,
154,600855,"Used @115873 for 1st time today. Was great. Used it 2nd time &amp; it sucked.  Driver never showed while I waited 15 mins in freezing conditions then charged me €5 cancellation.  Uber offered credit but I won't be back to Paris, they're closing in London!  Refund thanks @Uber_Support",@262517 Let's take a closer look! Send us a DM with your email address so we can connect right away.,ride_status,False,5,2017-12-03 21:18:40+00:00,,,
155,601828,"@Uber_Support somebody response me,  trying to contact driver but he failed to answer my call last 20 min. https://t.co/h8tI84UlZT",@262818 Here to help! Send us a DM with your email address so we can follow up.,ride_status,False,5,2017-12-03 21:27:10+00:00,,,
156,601845,"@115877 this was my second time ordering with uber eats and my $5 off promotion did not apply, can someone help please?",@262826 Here to help! Send us a note here https://t.co/hoajN8u72R so we can further assist.,app_functionality,False,2,2017-12-03 21:27:14+00:00,,,
157,601815,@115877 my order was cancelled and y'all still took my money out of my account.,@262814 So sorry about that! Send us a DM with your email address so we can connect right away.,ride_status,False,5,2017-12-03 21:28:03+00:00,,,
158,601843,@Uber_Support @115877 I live in Lodi Nj can you tell me where is the highest demand for (bike) delivery food around my area ??,"@262825 Hi there, happy to help! Send us a note via https://t.co/FF2YGTGjuA so we can assist.",ride_status,False,2,2017-12-03 21:29:33+00:00,,,
159,601836,@Uber_Support I am planning on flying with an infant car seat for my child. What is the policy of using my own car seat in an uber?,@262821 Here to help! Find out more info here https://t.co/B7TnOOg1JY,other,False,2,2017-12-03 21:30:26+00:00,,,
160,601841,@Uber_Support what do I need to do? I play by rules and only order when ready at terminal 5 Heathrow but you cancel a car on me after not moving for 10 minutes and now the new car is 15 mins away. 35 mins since ordering and still not here AT terminal 5!!!,@262824 Here to help. Send us a note at https://t.co/593jusCquh so our team can connect.,other,False,2,2017-12-03 21:31:49+00:00,,,
161,601832,Great @162833 win. Great day for the kids. https://t.co/e06Ejwoq5g,"@262819 Hi, Paul! This is not the experience we want you to have. Kindly send us a DM with your email address so our team can follow-up about this.",other,False,4,2017-12-03 21:32:24+00:00,,,
162,601807,Just had a spectacularly poor experience with @115877 and their customer service department. I will no longer be a customer of theirs and I urge all of you to take your business elsewhere for food delivery. They are the worst.,"@262811 Hi, Paul! Here to help. Kindly send us your email address via DM so our team can assist you further.",complaint,True,6,2017-12-03 21:34:14+00:00,,,
163,601838,@Uber_Support why won't the app accept my debit card?,@262822 Here to help. Send us a note at https://t.co/QnlFEMKRcC so our team can connect.,app_functionality,False,2,2017-12-03 21:34:57+00:00,,,
164,601823,@115873 I just waited over 10 mins for a car that was supposed to be 3 mins away. It drove in circles. Then cancelled on me. And somehow I am charged 6 euro???? Please fix this.,@262817 We're sorry to hear this was your experience. Please send us a note via https://t.co/e8HVorX5rh so our team can take a look into this for you.,ride_status,False,2,2017-12-03 21:35:07+00:00,,,
165,601834,"Hey, @115877, why should it take you 24 hours to get back me on a delivery issue from this morning?",@262820 We're here to help! Send us a DM with your email address so we can follow up.,other,False,2,2017-12-03 21:36:36+00:00,,,
166,601803,@Uber_Support is there an easy way to know whether a trip has GST on it or not?,"@262810 Sorry for the confusion! You can use this link instead; https://t.co/QDn91HzZV0  If you'd like, you can also DM us with your email address so we can assist!",ride_status,False,4,2017-12-03 21:37:51+00:00,,,
167,601821,@115877 how do I get a refund? I ordered from sanjha chula (food sub-standard) and was sent something I did not order and charged. They have said I need to contact you to get a refund. First time ordering through you and not impressed.,"@262816 Hi, Redd! Sorry for the inconvenience. Kindly send us a note at; https://t.co/DpLEahcQAT so our team can assist.",trip_fare_dispute,False,3,2017-12-03 21:37:59+00:00,,,
168,601818,@Uber_Support  can anyone help me? PLSSSSSSSSSSSSSSSSSSSSSSSSSSS,"@262815 We're here to help! Send us a DM with your email address and more details of your concern, so we can follow up.",other,False,3,2017-12-03 21:40:20+00:00,,,
169,601810,"@Uber_Support your Uber eats shows up in plastic plates different model Car and held my food hostage in her car 2 blocks away, outside from apartment. Terms agreement was breached and she didn’t do her side and I want refund",@262813 We're here to help! Send us a DM with your email address so we can assist.,refund_request,False,2,2017-12-03 21:41:01+00:00,,,
170,601799,Guys... I am dead. My @115877 delivery guy just stole my food 💀💀,@262809 Here to help. Send us a note at https://t.co/hVMgTsth35 so our team can connect.,other,False,3,2017-12-03 21:45:05+00:00,,,
171,601788,@Uber_Support hey I used a referral code but don't seem to have the credit applied to my account,@252770 Here to help! Send us a note here https://t.co/O1dsjntprg so we can further assist.,account_access,False,2,2017-12-03 21:50:53+00:00,,,
172,601796,So @115873 why does it take so long to review wrongful claims but @115879 handles it in an hour or so?,@260290 Here to help! Please send us a DM with your email address so our team can connect.,other,False,2,2017-12-03 21:52:32+00:00,,,
173,602833,@115873 trying to track down a lost item during my last ride and y’all have been 0 help. Thanks,@263154 Here to help! Send us a note via https://t.co/oY5vj3NqP3 so we can assist.,ride_status,False,2,2017-12-03 21:55:51+00:00,,,
174,602829,Hi @115873 can you tell your drivers that trans people exist so I can take one single ride without a driver saying I'm the first girl named Eli they've met?,@263152 We take this very seriously. Please send us a DM with your email address so we can connect ASAP.,ride_status,False,2,2017-12-03 21:57:27+00:00,,,
175,602831,update: i texted and called the driver and after 20 minutes of not hearing back i had to pay money to cancel the ride that was never gonna show up and now i'm late for work!!!!! thanks a lot @115873 @Uber_Support https://t.co/XysHu2YTdW,@263153 Here to help. Send us a note at https://t.co/593jusCquh so our team can connect.,ride_status,False,2,2017-12-03 21:58:12+00:00,,,
176,602822,Not in the zone for @115877 either. Why waste your time if you only deliver to no one @Uber_Support https://t.co/3H74Sq5w5n,@263150 We really want to help! Please confirm your email address or phone number through direct message so we can further assist.,other,False,4,2017-12-03 21:58:31+00:00,,,
177,602827,"@119983 I lost my bag while traveling with @115873. Could you please connect me with the driver. Here is detail. Booking from email ID __email__ and mobile number +91-7042294340.
also, date of journey 30th November 2017 https://t.co/N4nrLkDO7K",@263151 Our team has recently responded via email. Please reply there if you have additional  questions!,ride_status,False,3,2017-12-03 21:59:51+00:00,,,
178,602818,@115877 do you deliver to the door?,@263149 Here to help! Contact us via https://t.co/NcKEnQDmxQ so our team can further assist.,other,False,2,2017-12-03 22:02:40+00:00,,,
179,602814,"@115873 I ordered an Uber on Friday night from Birmingham, we were stood outside our hotel waiting and the driver turned up but then turned around, then I got charged £5.00 for cancelling it but we didn’t cancel and we were there! Not happy.","@263148 Here to help! Send us a note here, https://t.co/h840Iouehc and our team will follow up.",ride_status,False,2,2017-12-03 22:04:53+00:00,,,
180,602810,"@Uber_Support love how my ride was $16, i got charged $18 for it and only one of the 3 people i split it with was charged $10. Get your shit together, and stop sending me automated responses when I try to get help. Your worse then Lyft.",@263146 We're here to help! Send us a DM with your email address so we can assist.,ride_status,False,4,2017-12-03 22:05:33+00:00,,,
181,602806,"Wow. @115873, your drivers are trying it.",@263145 Here to help! Please contact us via https://t.co/fS660rQ8NQ so our team can further assist.,ride_status,False,2,2017-12-03 22:08:49+00:00,,,
182,602812,@Uber_Support we've been waiting 40 mins in the freezing cold and our driver just cancelled on us. Now the new ride is more expensive. Unbelievable.,@263147 We're so sorry for the trouble. Send us a note via https://t.co/e8HVorX5rh so we can assist.,ride_status,False,2,2017-12-03 22:09:17+00:00,,,
183,602804,"Hey @115877, spinning is highly illegal in foosball and now you’ve associated my name with cheating. Pretty rude.",@263144 Here to help! Send us a DM with your email + details so we can follow up.,complaint,True,2,2017-12-03 22:10:26+00:00,,,
184,602801,@115873 left me hanging in an unsafe situation!!,@128272 Here to help! Send us a note via https://t.co/yfZfahBCoB so we can connect.,other,False,2,2017-12-03 22:19:47+00:00,,,
185,602796,@115877 i tried To reach using the but nobody answer. Several items are missing in my order,@263141 We'd like to look into this. Please DM us the email associated with your account and we'll follow up.,other,False,4,2017-12-03 22:20:17+00:00,,,
186,602789,When you try to order @115877 &amp; the driver THINKS HES PICKING U UP @ MCDONALDS &amp; THEN CANCELS UR ORDER LIKE FUUUUCK UUUUU,@263139 We're so sorry for the trouble. Send us a note via https://t.co/hVMgTsbFEv  so we can assist.,ride_status,False,2,2017-12-03 22:20:53+00:00,,,
187,602792,Everyone be careful with @115873  they allow fraudulent credit card transactions. Never even heard of them until today when I see my credit card was used.,@263140 We apologize for the trouble! Send us a DM with your email address and we'll follow up.,complaint,True,4,2017-12-03 22:21:12+00:00,,,
188,602799,Ordered UberEATS and when my driver arrived called and texted him multiple times as well as going outside looking for him and he didn’t respond to anything and cancelled my order... @115877,@263142 Here to help. Send us a note at https://t.co/StKy7B0k57 so our team can connect.,ride_status,False,2,2017-12-03 22:21:16+00:00,,,
189,602787,@115873 just came home from #ACCChampionshipGame in Charlotte NC. Uber Cars there were so dirty and rundown. XL weren't really XL. Very disappointing!,@263138 Here to help. Send us a note at https://t.co/cV94v5303R so our team can connect.,app_functionality,False,2,2017-12-03 22:24:54+00:00,,,
190,603577,"@115877 your driver took 36 mins to walk 2min journey. Delivering cold food, but you’re unable to make price adjustments at this stage? Joke!",@263417 Let's take a closer look! Send us a DM with your email address so we can connect.,ride_status,False,2,2017-12-03 22:26:08+00:00,,,
191,603580,Honestly men don't understand how genuinely scary it is to be the only girl out on a street full of men at night,@263418 Happy to help. Send us a DM with your email address so we can follow up.,other,False,3,2017-12-03 22:26:22+00:00,,,
192,603573,@115877 hi just placed a order promo code for first time order did not work and discount was not applied? Any help?,@263416 Here to help! Send us a note via https://t.co/h3vAjBLlBH so our team can connect.,app_functionality,False,2,2017-12-03 22:33:56+00:00,,,
193,603570,"@Uber_Support hello, ive emailed support maybe ill get a quicker respond if you DM me. thanks !",@263414 We're here to help! Send us a DM with your email address so we can assist.,account_access,False,3,2017-12-03 22:36:43+00:00,,,
194,603567,Does @115877 deliver edibles?,"@263413 We deliver the food you want, from the restaurants you love, at Uber speed. Learn more at https://t.co/6rZp3XyWol",other,False,2,2017-12-03 22:36:45+00:00,,,
195,603565,@Uber_Support HOW AM I SUPPOSED TO GET MY PHONE BACK IF YOU NEED TO CONTACT ME VIA A PHONE #. IS IT 1967 WHERE EVERYONE HAS A LANDLINE??? CAN YOU USE AN EMAIL LIKE A MODERN PERSON PLEASE? YOU CAN EVEN KIK ME AND THEN WE CAN ALSO EXCHANGE PICS. IDK I WANT MY PHONE BACK.,@263412 Here to help! Follow up here - https://t.co/rOtqyWzf0B and our team will connect right away.,account_access,False,2,2017-12-03 22:37:32+00:00,,,
196,603561,@Uber_Support how is a Lincoln MKT an XL vehicle?? Third time I've been turned down because I had gear with me. I'm calling an XL so I can have access to the trunk space.,@263410 Hi there! Please reach out to https://t.co/zUe0dj6yoX and our team will be in touch.,other,False,2,2017-12-03 22:40:14+00:00,,,
197,603559,I can’t fuck with @115877 anymore. They tried me the last two times 🤬,@263409 Here to help! Send us a DM with your email + details so we can follow up.,other,False,2,2017-12-03 22:50:14+00:00,,,
198,603554,"@Uber_Support ordered a taxi from BHX International, app says 1min wait, can see three cabs on the map and parked outside, yet I have been picked up by a ride 15 mins away and charged if I cancel.... the sooner @115879 arrive and provide some competition the better!!!",@263406 Here to help! Send us a note via https://t.co/e8HVorX5rh so we can connect.,ride_status,False,2,2017-12-03 22:51:01+00:00,,,
199,603556,@Uber_Support  my uber didn’t turn up and I got charged for it pleas can you help,@263407 We're so sorry for the trouble. Send us a note via https://t.co/e8HVorX5rh so we can assist.,trip_fare_dispute,False,2,2017-12-03 22:56:04+00:00,,,
